school,sex,age,address,famsize,Pstatus,Medu,Fedu,Mjob,Fjob,reason,guardian,traveltime,studytime,failures,schoolsup,famsup,paid,activities,nursery,higher,internet,romantic,famrel,freetime,goout,Dalc,Walc,health,absences,actual,prob_Logistic Regression,pred_Logistic Regression,prob_K-Nearest Neighbors,pred_K-Nearest Neighbors,prob_Random Forest,pred_Random Forest,prob_Gradient Boosting,pred_Gradient Boosting,prob_XGBoost,pred_XGBoost
GP,M,16,U,LE3,A,3,2,services,other,reputation,father,1,1,1,no,yes,no,yes,yes,yes,yes,yes,1,4,1,3,3,1,5,1,0.8365399582292788,1,0.2,0,0.426894427002456,0,0.6144239299117872,1,0.715364,1
MS,M,20,U,GT3,T,1,1,teacher,other,home,father,3,1,0,no,yes,yes,no,yes,yes,yes,yes,5,1,1,1,1,2,1,0,0.26926301622924137,0,0.0,0,0.28107630683949886,0,0.05368055809735813,0,0.009827624,0
MS,F,15,U,GT3,T,1,2,at_home,services,course,other,4,1,1,no,yes,yes,no,no,yes,yes,no,4,2,2,3,1,3,0,0,0.7024338961926332,1,0.0,0,0.39360729718763,0,0.3394481942849232,0,0.42544708,0
GP,F,17,R,GT3,T,3,3,teacher,other,home,mother,2,4,0,yes,no,no,no,yes,yes,yes,no,3,3,1,1,1,4,5,0,0.010129524375985554,0,0.0,0,0.11428815159423093,0,0.004453078793034717,0,0.00013708053,0
GP,M,22,U,LE3,T,4,0,services,services,reputation,other,3,4,0,yes,yes,no,no,yes,yes,yes,yes,5,2,5,5,5,4,2,1,0.21082291254504926,0,0.0,0,0.3032714572045799,0,0.29212499751318793,0,0.13938949,0
MS,M,21,U,LE3,T,3,3,at_home,at_home,course,father,3,3,0,no,yes,no,yes,yes,yes,yes,no,3,2,5,1,4,4,5,0,0.054374932532001916,0,0.0,0,0.17926029264071233,0,0.004857370212371553,0,0.00085278763,0
GP,M,17,U,GT3,T,4,1,other,other,other,father,2,4,3,no,yes,no,no,yes,yes,yes,yes,2,1,2,1,5,4,3,0,0.8478646846262426,1,0.8,1,0.5183076442459056,1,0.9151719621020982,1,0.5933375,1
GP,M,18,R,GT3,T,4,3,services,services,course,mother,3,2,0,no,yes,yes,yes,yes,yes,no,no,4,1,5,2,2,1,7,0,0.1967106502472553,0,0.0,0,0.308646117232365,0,0.060973534981233556,0,0.0044576726,0
GP,F,16,U,GT3,T,3,0,services,other,course,other,3,1,0,no,yes,yes,yes,yes,yes,yes,no,2,1,4,4,4,3,4,1,0.735167094537805,1,0.0,0,0.3672758480657571,0,0.1505989527042575,0,0.3368952,0
MS,F,15,U,LE3,T,3,3,health,at_home,course,father,1,4,0,no,no,yes,yes,yes,yes,no,no,5,4,5,3,3,4,2,0,0.057407998435675595,0,0.0,0,0.1865819285062914,0,0.007923295030736025,0,0.01154838,0
GP,F,15,U,GT3,T,0,2,teacher,health,course,mother,2,1,0,no,no,yes,yes,yes,no,yes,no,4,5,1,1,4,4,3,0,0.11475589274272625,0,0.2,0,0.2874132673521201,0,0.12887873679042972,0,0.0016695632,0
GP,M,19,U,LE3,T,0,4,other,other,home,father,3,1,0,no,yes,no,no,yes,yes,yes,no,5,1,4,1,1,4,7,0,0.253844507202984,0,0.0,0,0.2581846357884563,0,0.023636648377925142,0,0.010218473,0
GP,F,18,R,GT3,T,3,4,other,other,home,mother,2,4,1,no,yes,yes,yes,yes,yes,no,no,3,2,1,1,4,3,3,0,0.04131448445000557,0,0.0,0,0.16206359137836301,0,0.03256814703747202,0,0.00078576215,0
GP,M,20,U,LE3,T,1,4,at_home,teacher,home,mother,1,3,1,no,no,no,yes,yes,yes,no,no,4,1,2,4,3,5,5,1,0.22600823102883394,0,0.4,0,0.2640773774973711,0,0.017927087186511394,0,0.014903325,0
GP,M,21,U,LE3,T,3,2,other,other,course,mother,4,3,1,no,yes,no,yes,yes,yes,yes,no,2,5,1,1,2,2,1,1,0.0854402125249184,0,0.0,0,0.2212489693634407,0,0.012333660471249553,0,0.002499223,0
GP,M,20,U,LE3,T,1,0,other,at_home,course,mother,4,1,0,no,yes,yes,yes,yes,yes,yes,no,1,5,5,3,3,3,1,1,0.7637586206677717,1,0.2,0,0.4322056859681796,0,0.3862318370845284,0,0.6223994,1
GP,F,18,R,GT3,T,2,0,services,services,home,mother,1,1,0,no,yes,no,no,yes,yes,yes,no,3,5,5,1,2,5,7,0,0.5896950650979904,1,0.4,0,0.3966482152615435,0,0.4350312159935928,0,0.45415983,0
GP,M,16,U,LE3,T,2,3,services,other,other,mother,2,1,0,no,yes,no,no,yes,yes,yes,yes,4,2,3,5,4,4,4,0,0.6172961243355339,1,0.0,0,0.37015414867420793,0,0.4166832932870861,0,0.78109026,1
GP,M,16,R,GT3,T,0,0,services,other,home,mother,3,2,0,no,yes,yes,no,yes,yes,yes,yes,5,4,5,2,3,5,2,1,0.6252187380997623,1,0.2,0,0.39408963101859223,0,0.2660642532874441,0,0.19238135,0
GP,F,21,U,LE3,T,0,3,services,other,course,mother,1,3,1,no,yes,no,no,yes,yes,yes,no,5,1,5,1,1,5,4,0,0.33575573281723947,0,0.4,0,0.3018572727855533,0,0.07464156799951961,0,0.3575487,0
GP,M,16,R,GT3,T,0,0,teacher,other,reputation,mother,4,1,0,no,yes,yes,no,yes,yes,yes,yes,5,3,2,1,4,4,5,0,0.38034683316679624,0,0.0,0,0.3075754268347115,0,0.03158774910129848,0,0.013592323,0
GP,F,20,U,GT3,T,0,1,teacher,teacher,home,father,2,4,0,no,yes,no,yes,yes,yes,yes,yes,2,2,5,4,2,5,7,1,0.42817087187857344,0,0.2,0,0.38958003264234603,0,0.42162994569963436,0,0.9267549,1
MS,M,17,R,GT3,T,3,2,other,other,course,mother,1,1,0,no,no,yes,no,yes,yes,no,no,5,4,5,2,3,3,5,0,0.5375836476431536,1,0.2,0,0.41821370958876225,0,0.12531764980230095,0,0.34686992,0
GP,M,20,U,GT3,T,0,2,other,other,course,mother,4,4,0,no,yes,no,yes,no,yes,yes,yes,4,2,5,4,2,3,4,0,0.23709931979980084,0,0.0,0,0.2859746443837541,0,0.2638027060700671,0,0.10056396,0
MS,F,22,R,LE3,T,2,2,other,other,reputation,mother,2,3,2,no,no,yes,yes,yes,no,yes,no,2,5,2,4,1,2,3,1,0.8275835893297413,1,0.4,0,0.430688370414179,0,0.25144825151123495,0,0.36147317,0
GP,F,17,U,GT3,A,4,2,health,services,reputation,mother,1,2,2,no,no,no,yes,no,yes,yes,no,3,4,5,4,3,4,5,0,0.9318222416343616,1,0.6,1,0.601466950520846,1,0.9369416973127013,1,0.9943252,1
GP,F,16,U,LE3,T,0,4,other,services,reputation,mother,2,2,0,no,no,no,yes,yes,yes,no,no,5,1,3,4,2,5,3,1,0.14308493691895302,0,0.6,1,0.24883627644588524,0,0.029655452449705483,0,0.033157222,0
GP,F,18,U,LE3,T,3,4,teacher,other,other,mother,4,2,0,no,yes,no,yes,no,yes,yes,no,4,2,4,2,5,5,6,0,0.0452589935704718,0,0.2,0,0.18319767144071214,0,0.006353042744814262,0,0.0006200984,0
MS,M,21,U,LE3,T,4,0,other,other,reputation,mother,1,2,0,yes,yes,no,no,yes,yes,yes,no,5,3,4,3,3,1,2,0,0.3751373593567489,0,0.4,0,0.3303786788438397,0,0.18268172435855037,0,0.0132263005,0
MS,M,17,U,GT3,T,3,1,at_home,at_home,home,mother,4,3,0,no,yes,no,no,yes,yes,yes,no,4,2,2,1,3,1,9,0,0.054181557747385006,0,0.0,0,0.18405076755633373,0,0.01090253437132515,0,0.00017630264,0
GP,M,20,R,GT3,T,2,2,other,other,reputation,mother,1,2,0,no,no,no,yes,yes,yes,no,yes,3,5,5,5,1,1,3,1,0.7107026936542413,1,0.0,0,0.397574134422767,0,0.23828962972909246,0,0.15635522,0
GP,M,19,U,GT3,T,4,0,health,other,course,father,3,4,0,no,no,yes,no,yes,yes,yes,yes,5,4,3,3,2,2,2,0,0.07314350715214066,0,0.0,0,0.18443569668655702,0,0.027045992468077776,0,0.0015891765,0
GP,M,19,R,LE3,T,0,0,services,services,course,mother,2,3,0,no,yes,no,no,no,yes,yes,no,3,2,3,3,1,4,5,0,0.28002264077302813,0,0.0,0,0.1759917182770809,0,0.02193096645434273,0,0.0033324205,0
GP,M,17,U,GT3,T,1,0,other,services,home,mother,1,2,1,no,yes,no,yes,yes,yes,yes,no,2,3,5,1,3,3,4,0,0.82659322866647,1,0.0,0,0.5500556235896201,1,0.8755413322362077,1,0.9928686,1
GP,M,18,U,GT3,T,0,2,other,health,other,mother,4,4,0,no,no,yes,no,yes,yes,yes,yes,2,1,4,4,3,4,7,1,0.40044237376451874,0,0.0,0,0.2715442152201518,0,0.014262623430496932,0,0.0036426038,0
MS,F,15,R,GT3,T,0,0,other,services,home,mother,4,3,0,no,no,no,yes,yes,yes,yes,yes,2,4,4,4,1,2,6,0,0.6839871208332875,1,0.4,0,0.2849470856803634,0,0.0691109236607361,0,0.06013486,0
GP,F,16,R,GT3,T,3,1,services,other,home,father,2,3,0,no,yes,yes,no,yes,yes,yes,no,4,1,4,4,5,5,5,0,0.2696769328372543,0,0.0,0,0.16747635394182178,0,0.03555477734955485,0,0.0014930967,0
GP,F,15,U,GT3,T,1,4,other,services,other,mother,3,2,0,no,no,yes,no,yes,yes,yes,no,4,4,4,5,5,5,6,0,0.4346234714749085,0,0.2,0,0.3346166168625245,0,0.09539267465532678,0,0.010771512,0
GP,M,18,R,GT3,T,0,0,services,other,reputation,mother,3,1,0,no,yes,no,yes,yes,yes,yes,yes,1,1,3,1,2,5,7,0,0.7051994891852087,1,0.0,0,0.3302178825780539,0,0.07308120284131618,0,0.011421068,0
GP,F,16,U,GT3,T,3,3,services,services,home,mother,4,2,3,no,yes,yes,no,yes,yes,yes,yes,5,2,3,4,2,1,7,1,0.9692139773000636,1,0.6,1,0.5070437972119446,1,0.6982179644103832,1,0.9921807,1
MS,F,22,U,GT3,T,0,2,teacher,other,home,mother,1,4,0,yes,no,no,no,yes,yes,yes,no,1,4,4,2,1,2,5,0,0.2624413704116031,0,0.0,0,0.23536601399984988,0,0.01723253044229945,0,0.00013698683,0
GP,F,21,R,GT3,T,4,2,at_home,other,home,mother,2,1,0,no,yes,no,yes,yes,yes,yes,no,4,3,3,2,5,5,2,0,0.10894268605777246,0,0.2,0,0.215533331623124,0,0.0633429464861313,0,0.008618127,0
MS,M,19,U,GT3,T,2,3,services,teacher,home,mother,3,2,0,yes,no,yes,no,yes,yes,yes,no,1,5,3,5,5,4,2,0,0.6434158834636956,1,0.0,0,0.30026989800155207,0,0.1361272460570641,0,0.0034873046,0
GP,F,21,U,LE3,T,3,2,services,other,reputation,mother,1,3,0,yes,no,yes,no,no,yes,yes,yes,1,2,2,1,4,1,9,0,0.08746728982841323,0,0.0,0,0.21477524904494813,0,0.04373063922332036,0,0.001822044,0
MS,F,19,U,GT3,A,1,2,teacher,services,reputation,mother,3,1,0,no,no,no,yes,yes,yes,yes,no,4,4,3,5,2,1,5,1,0.6946486053561884,1,0.0,0,0.4115655872499115,0,0.5924792529738092,1,0.53215414,1
GP,M,15,U,GT3,A,0,2,other,teacher,home,mother,4,1,0,no,yes,no,yes,yes,yes,yes,yes,4,3,3,4,3,2,8,0,0.8407850828833706,1,0.4,0,0.49884634572428044,0,0.48718646399390486,0,0.7041878,1
MS,F,22,U,GT3,T,4,1,health,other,reputation,mother,4,4,0,no,no,yes,yes,yes,yes,yes,yes,5,3,1,4,2,2,5,0,0.035772250895691346,0,0.0,0,0.17202804389319126,0,0.013673566379740246,0,0.0010961823,0
GP,F,18,R,GT3,T,2,2,services,services,reputation,mother,3,4,0,no,no,yes,yes,yes,yes,yes,no,3,4,3,5,1,4,3,0,0.09626810184515576,0,0.0,0,0.16556463079730196,0,0.011102453896844694,0,7.286518e-05,0
GP,F,20,U,LE3,T,0,2,services,other,course,mother,3,1,0,no,yes,no,no,yes,yes,yes,no,2,4,5,1,4,4,9,1,0.5764151442803767,1,0.2,0,0.4249844919290763,0,0.5402434998413806,1,0.32381278,0
GP,M,15,R,LE3,T,3,1,other,services,home,mother,4,4,0,no,no,yes,yes,yes,yes,yes,no,4,2,3,4,3,2,1,0,0.049551751456769724,0,0.4,0,0.15995610781735706,0,0.005705538211924519,0,0.0012635166,0
MS,M,20,U,GT3,T,4,2,other,other,reputation,mother,2,1,0,no,no,no,yes,yes,yes,no,no,4,3,4,2,5,3,4,0,0.2698579343977329,0,0.2,0,0.3454155213610409,0,0.1537075061335192,0,0.105662294,0
GP,M,22,U,GT3,T,0,3,other,services,home,mother,4,1,0,no,no,no,yes,yes,yes,yes,no,5,1,5,4,2,2,3,0,0.5568668022793912,1,0.2,0,0.4137113163970193,0,0.35601346908541387,0,0.3972377,0
GP,M,16,R,GT3,T,3,4,other,other,course,mother,4,4,0,no,no,no,yes,no,yes,yes,no,4,4,4,4,2,1,4,0,0.036324806198194504,0,0.0,0,0.14345616308186426,0,0.009168593053623986,0,0.0006297286,0
GP,F,20,R,GT3,T,1,2,other,other,course,mother,4,3,0,no,yes,yes,yes,yes,yes,yes,no,3,2,3,5,4,1,5,0,0.34962858143083525,0,0.0,0,0.2356314138300659,0,0.03569190939494563,0,0.0059541753,0
GP,F,20,U,LE3,A,1,2,other,services,reputation,father,4,1,0,no,yes,no,yes,yes,yes,yes,yes,5,5,3,5,4,1,4,0,0.6758920668072486,1,0.2,0,0.34793788012312427,0,0.4163233134535371,0,0.18268816,0
GP,M,17,R,GT3,T,3,1,other,at_home,reputation,mother,3,2,0,no,yes,yes,yes,yes,yes,yes,no,4,3,5,4,4,5,7,0,0.43284942803272514,0,0.0,0,0.3400185878313888,0,0.06580170208197374,0,0.021362497,0
MS,F,17,R,GT3,T,2,2,services,other,reputation,mother,3,2,0,no,no,no,no,yes,yes,yes,no,5,1,3,5,3,2,6,0,0.4049826312700607,0,0.2,0,0.285703119765833,0,0.02267185618423207,0,0.0029791442,0
GP,F,16,U,LE3,A,0,3,at_home,at_home,other,father,3,1,0,no,no,no,yes,yes,yes,yes,yes,1,5,1,5,1,3,7,1,0.7439807507294875,1,0.2,0,0.30178660406693103,0,0.18369095015649844,0,0.0422644,0
GP,M,16,R,GT3,T,4,2,other,other,home,father,4,4,2,no,no,no,yes,yes,yes,yes,no,4,2,3,4,5,2,5,0,0.5069313853070344,1,0.0,0,0.40900694032546697,0,0.15720108135291888,0,0.1847912,0
MS,M,18,U,GT3,T,3,1,other,services,reputation,mother,4,3,0,no,yes,no,no,yes,yes,yes,no,2,4,4,2,5,3,5,0,0.19582593704992857,0,0.0,0,0.16912233168934632,0,0.013845499915300225,0,0.00014977812,0
GP,F,21,U,GT3,T,2,0,services,services,reputation,mother,2,4,0,no,yes,no,no,yes,yes,yes,no,5,1,5,4,1,1,3,0,0.20193419359967407,0,0.0,0,0.2377534852633331,0,0.10082671205863326,0,0.001590075,0
GP,M,20,R,GT3,T,3,2,other,services,home,father,4,2,0,no,yes,no,yes,yes,no,yes,no,3,1,2,3,4,5,4,0,0.13585835159753817,0,0.0,0,0.17683213714454843,0,0.022018388720566315,0,0.0012384746,0
MS,M,22,U,GT3,T,4,2,at_home,services,course,father,3,4,0,no,yes,no,yes,yes,yes,no,yes,2,4,2,4,2,1,6,0,0.0875821779639372,0,0.0,0,0.2203619313230375,0,0.03084584012821786,0,0.008904042,0
MS,M,16,U,LE3,T,3,3,at_home,services,home,mother,1,4,0,no,no,no,yes,no,yes,yes,no,4,4,2,2,5,3,4,0,0.007923603959740561,0,0.0,0,0.08776863130561562,0,0.0014107404669355327,0,0.00010029854,0
GP,M,17,U,GT3,T,2,3,other,services,home,mother,3,1,1,no,no,no,no,yes,yes,yes,yes,4,4,1,5,3,2,3,0,0.717019312645435,1,0.8,1,0.5239389125223252,1,0.6346852376594385,1,0.95517766,1
GP,F,18,R,GT3,A,2,3,teacher,other,course,father,3,4,0,no,no,no,no,yes,yes,yes,no,5,2,5,1,3,5,4,0,0.04119751727749602,0,0.0,0,0.18835869211412756,0,0.01952441760585842,0,0.00022465036,0
MS,M,19,U,LE3,T,1,0,teacher,services,course,other,4,1,0,no,yes,yes,no,yes,yes,yes,no,3,5,5,2,3,2,5,1,0.7242520273255577,1,0.6,1,0.4689475158271098,0,0.692266595136039,1,0.9504168,1
MS,F,19,U,GT3,T,2,4,at_home,other,course,mother,3,2,0,no,no,yes,no,yes,yes,yes,no,5,5,1,2,2,4,4,0,0.03716105592037331,0,0.0,0,0.16768815498352826,0,0.004977027094948874,0,0.00054968114,0
MS,F,19,R,GT3,T,3,1,services,other,course,mother,4,1,0,no,no,no,no,yes,yes,yes,yes,3,1,1,2,4,5,9,0,0.2857965310650028,0,0.0,0,0.22471996990930215,0,0.03322404503899543,0,0.00477858,0
MS,F,15,U,GT3,T,2,4,services,services,home,mother,1,2,0,no,yes,no,no,yes,yes,yes,yes,5,1,1,4,4,5,5,0,0.14293315339632778,0,0.0,0,0.22235066056005257,0,0.019393942361928512,0,0.00042208153,0
GP,M,22,R,GT3,T,4,4,services,services,reputation,other,1,1,0,yes,yes,no,no,yes,yes,yes,yes,2,4,1,4,1,3,7,0,0.37956465040942333,0,0.4,0,0.34224631169092595,0,0.12468121143746866,0,0.018561382,0
GP,F,18,U,GT3,T,0,3,services,at_home,course,mother,2,2,1,no,yes,yes,yes,yes,yes,yes,no,5,1,5,5,2,1,1,0,0.8561803064479705,1,0.2,0,0.4849765196330999,0,0.2843596449337223,0,0.15675326,0
GP,F,21,R,GT3,T,1,0,teacher,services,course,mother,4,1,0,no,no,no,no,no,yes,yes,yes,5,4,3,2,4,2,3,0,0.30348486674951325,0,0.2,0,0.3012421572013969,0,0.029374373132981507,0,0.008414342,0
MS,M,19,R,GT3,T,4,2,teacher,other,reputation,mother,4,3,0,no,yes,yes,no,yes,yes,yes,no,3,3,2,4,1,3,6,0,0.10830882237677483,0,0.0,0,0.19762862697689054,0,0.01632978645905159,0,0.0018743139,0
MS,F,17,U,GT3,T,4,3,other,teacher,reputation,mother,2,4,0,no,yes,no,yes,yes,yes,yes,no,4,5,5,5,4,1,0,0,0.11873477471472918,0,0.0,0,0.2464689616816504,0,0.010624545438552022,0,0.019510452,0
GP,F,21,U,GT3,T,0,2,services,other,course,mother,2,4,0,yes,yes,no,no,yes,no,yes,yes,5,2,2,3,3,5,9,0,0.13588457384060026,0,0.2,0,0.19886569946888014,0,0.10892285328962441,0,0.014024506,0
GP,M,16,U,LE3,T,3,1,services,other,course,mother,3,4,0,no,yes,yes,no,no,yes,yes,no,1,1,1,4,3,4,4,0,0.05694846259794933,0,0.0,0,0.15502919562718429,0,0.011801984624294515,0,4.739952e-05,0
GP,F,17,R,LE3,T,1,2,services,health,course,father,3,3,0,no,no,no,no,yes,yes,yes,yes,5,3,5,2,3,3,3,0,0.14586603283087582,0,0.0,0,0.22310173574483355,0,0.011036152241725248,0,0.00015849998,0
GP,M,21,U,GT3,T,4,3,services,teacher,home,father,3,4,0,yes,yes,no,no,yes,yes,yes,no,5,4,4,2,4,1,1,0,0.03540842088715213,0,0.0,0,0.144334505619899,0,0.0017579842535141875,0,6.459288e-05,0
MS,M,18,U,GT3,T,0,2,other,other,course,father,4,1,0,no,no,yes,no,yes,no,yes,no,5,1,1,4,1,4,7,0,0.5410498050409629,1,0.2,0,0.2961685832728317,0,0.0978547240679601,0,0.027437046,0
GP,M,19,U,GT3,T,1,2,other,services,other,mother,4,2,0,no,yes,yes,no,yes,yes,yes,no,1,3,1,2,2,1,3,0,0.2992655827200757,0,0.2,0,0.3369827806300495,0,0.11798606119704834,0,0.2951044,0
GP,F,18,U,GT3,T,4,3,health,other,course,other,2,4,2,no,yes,yes,no,no,yes,yes,no,2,4,4,1,1,1,2,1,0.43951570154853375,0,0.2,0,0.43710543446787326,0,0.35041353013283744,0,0.24550232,0
GP,F,15,U,GT3,T,4,0,at_home,services,home,mother,2,2,0,no,yes,no,yes,yes,yes,yes,yes,4,1,3,5,4,3,12,0,0.3910758044782556,0,0.0,0,0.28394146780860074,0,0.18507874005307395,0,0.09494028,0
GP,M,16,U,LE3,T,3,1,services,other,course,mother,3,2,0,no,no,yes,yes,yes,yes,yes,yes,4,1,2,4,5,5,6,0,0.18307070818094417,0,0.0,0,0.24202543990582623,0,0.010378932737450776,0,0.00053592917,0
GP,M,22,U,GT3,T,1,3,services,at_home,course,mother,2,3,0,no,no,no,no,yes,yes,no,no,1,1,3,2,5,1,3,0,0.1585016485439949,0,0.2,0,0.19839383365118102,0,0.004878925965216767,0,0.00044532685,0
GP,F,21,R,LE3,T,4,2,services,other,reputation,mother,2,4,0,no,yes,yes,yes,yes,yes,yes,no,3,1,4,1,2,4,6,0,0.02042304635160796,0,0.0,0,0.13369084921670019,0,0.004055084872313797,0,3.9015402e-05,0
MS,M,19,U,GT3,T,4,0,other,teacher,home,mother,1,3,0,no,yes,yes,no,yes,yes,no,no,2,2,3,3,2,3,5,0,0.3598446845210202,0,0.0,0,0.22605882261793905,0,0.045850306968708336,0,0.0042309407,0
GP,M,17,U,GT3,T,3,3,other,services,course,father,3,1,0,no,no,no,no,yes,yes,no,no,4,5,1,5,3,5,2,0,0.22738604405997845,0,0.2,0,0.2964228104268913,0,0.14073916071009687,0,0.12662473,0
GP,F,15,R,LE3,T,1,1,other,services,home,mother,1,4,0,no,yes,no,no,yes,yes,yes,yes,1,2,5,5,5,1,7,1,0.608026582206154,1,0.0,0,0.3528228950141075,0,0.5021143295373713,1,0.9340751,1
GP,F,18,U,LE3,T,3,4,services,other,reputation,mother,2,1,0,no,yes,no,no,yes,yes,no,yes,2,3,4,1,5,1,3,0,0.24580628635349316,0,0.0,0,0.2871445385755338,0,0.07657265036098301,0,0.10359483,0
MS,M,15,R,GT3,T,2,1,services,other,home,other,3,3,2,yes,yes,no,no,yes,yes,yes,no,3,5,2,4,5,1,2,0,0.9440385666173461,1,0.4,0,0.5020130708277908,1,0.8213745963121954,1,0.6189578,1
GP,M,18,U,LE3,T,0,2,other,services,course,mother,1,1,0,no,no,yes,yes,no,yes,yes,no,2,1,2,1,1,1,4,0,0.2649935365253021,0,0.2,0,0.3060428335193763,0,0.114629086371521,0,0.13639115,0
GP,M,22,U,GT3,T,0,1,services,services,home,mother,4,1,1,yes,yes,yes,yes,no,yes,yes,yes,4,3,1,3,2,5,4,0,0.7981762425953647,1,0.0,0,0.49068641056208745,0,0.7752652528800651,1,0.9835023,1
GP,M,22,R,GT3,T,1,4,at_home,services,reputation,father,3,3,1,no,no,yes,no,yes,yes,yes,no,3,4,2,3,4,5,6,0,0.23494634509433276,0,0.0,0,0.2456421305143431,0,0.04194337924458317,0,0.014808167,0
GP,M,20,U,GT3,T,0,0,health,other,reputation,mother,1,3,0,no,no,no,yes,yes,yes,yes,no,5,3,1,5,2,2,5,0,0.2726774448609896,0,0.2,0,0.22494323432232746,0,0.049518229082017376,0,0.0030082532,0
GP,M,18,U,GT3,T,4,3,teacher,services,other,mother,2,1,0,no,yes,no,yes,yes,yes,yes,yes,4,3,3,4,1,3,5,0,0.3102124535957512,0,0.4,0,0.33628838661337435,0,0.09511660465049629,0,0.04027732,0
GP,M,21,U,GT3,T,0,3,services,teacher,course,mother,4,4,0,no,no,no,no,no,yes,yes,yes,5,4,4,2,3,1,1,0,0.06025357252782225,0,0.0,0,0.20791473707930597,0,0.0036199386565546714,0,0.0003884318,0
GP,M,17,U,GT3,T,0,0,at_home,other,course,father,3,4,0,no,no,yes,no,yes,yes,yes,no,3,3,5,3,4,1,4,0,0.3515704396330213,0,0.4,0,0.37375393083918157,0,0.2644165520659743,0,0.12794721,0
GP,M,17,U,GT3,T,0,2,services,other,other,father,3,4,0,no,no,yes,yes,yes,yes,no,no,1,3,3,2,3,2,6,0,0.22833919730351246,0,0.0,0,0.181475767857227,0,0.0034177580601487518,0,0.00016893957,0
GP,F,19,U,GT3,T,0,3,health,services,home,mother,3,4,0,no,yes,yes,yes,yes,yes,yes,no,3,2,5,4,3,2,9,0,0.28663364120168183,0,0.0,0,0.24777114626162675,0,0.22862505580944323,0,0.016128846,0
GP,M,18,U,LE3,T,3,4,teacher,other,reputation,father,1,1,0,no,no,no,no,no,yes,no,no,1,3,2,1,3,4,5,0,0.07720074490903249,0,0.2,0,0.197204840199381,0,0.012466717610770742,0,0.0007891705,0
GP,F,22,U,GT3,A,1,4,other,services,other,mother,1,4,0,no,yes,no,yes,yes,yes,yes,no,5,1,1,2,1,2,8,0,0.03526056344593282,0,0.0,0,0.17118442097694142,0,0.0035409961707239465,0,0.00013337295,0
GP,M,19,U,GT3,T,0,0,other,other,home,mother,3,1,2,no,yes,yes,no,yes,yes,yes,no,1,4,3,2,4,2,2,1,0.9868925249274587,1,0.4,0,0.6315312085376985,1,0.945641098274019,1,0.99806887,1
GP,F,18,U,GT3,A,1,4,other,services,reputation,mother,3,1,0,no,yes,yes,yes,no,no,yes,yes,2,1,1,3,4,1,3,0,0.40489049149012957,0,0.0,0,0.3058338719773549,0,0.18013318083813773,0,0.46981716,0
GP,M,21,U,GT3,T,2,0,services,other,reputation,mother,3,1,0,no,no,yes,yes,no,yes,yes,yes,5,2,2,1,1,4,4,0,0.17225287510996004,0,0.0,0,0.2036620492872631,0,0.017295086048184593,0,0.0014065559,0
GP,F,20,U,GT3,T,0,0,other,services,reputation,mother,1,4,0,no,no,no,yes,yes,yes,yes,yes,1,5,3,5,1,2,2,0,0.4312764278247017,0,0.2,0,0.28833149147011566,0,0.08885311025962156,0,0.005282752,0
MS,F,20,U,GT3,T,0,2,other,health,reputation,mother,4,3,0,no,no,no,yes,yes,yes,yes,no,4,4,4,4,3,3,6,0,0.27832322544271215,0,0.2,0,0.260222214589899,0,0.023080363989620687,0,0.010579394,0
MS,M,18,U,GT3,T,2,2,health,health,course,father,1,1,2,no,no,no,yes,no,no,yes,yes,4,3,3,3,3,2,4,1,0.9573398599988896,1,0.4,0,0.4866992724306177,0,0.863622634296661,1,0.75045884,1
GP,F,20,R,LE3,T,2,0,at_home,services,home,mother,4,1,1,no,no,no,no,yes,yes,yes,yes,5,2,4,2,4,3,3,1,0.6822182157082003,1,0.2,0,0.36638339584457336,0,0.13244966325537982,0,0.16756937,0
MS,F,15,R,GT3,T,4,3,services,other,course,mother,1,2,0,no,yes,no,no,yes,yes,yes,yes,2,2,3,4,3,2,3,0,0.4043438580186934,0,0.0,0,0.2514625401831944,0,0.07648585882897845,0,0.004815741,0
GP,F,20,U,GT3,T,4,0,teacher,other,home,mother,3,1,0,yes,no,no,no,yes,yes,yes,no,1,5,4,3,3,5,6,0,0.556956449573143,1,0.0,0,0.3176846061162955,0,0.08798334069370664,0,0.014223094,0
GP,F,20,R,GT3,T,2,4,other,other,home,mother,1,3,0,no,no,no,yes,yes,yes,yes,yes,4,3,5,5,5,2,4,0,0.27932189658417567,0,0.0,0,0.32685974525043215,0,0.15562201466605755,0,0.008713539,0
GP,F,15,U,GT3,T,0,3,health,health,home,father,2,1,1,yes,yes,no,no,yes,yes,yes,no,2,2,2,4,3,2,7,1,0.9354364042871586,1,0.6,1,0.5666948177192697,1,0.8619777140559698,1,0.99598724,1
GP,F,18,U,GT3,A,0,3,other,other,home,mother,2,3,0,no,yes,no,yes,yes,yes,yes,no,4,3,3,2,3,5,8,0,0.18118762783581796,0,0.0,0,0.19530130118965539,0,0.020922202771511064,0,0.0014686931,0
GP,F,15,U,GT3,T,3,3,other,other,course,mother,4,4,0,yes,yes,no,yes,yes,yes,yes,no,4,5,1,1,2,4,2,0,0.007700638873852251,0,0.0,0,0.11795080642696674,0,0.003113067714416001,0,3.1935484e-05,0
GP,F,18,U,GT3,T,0,3,services,other,course,mother,3,4,0,yes,yes,no,yes,yes,yes,yes,no,1,1,4,5,2,3,4,1,0.3991911007700387,0,0.0,0,0.26532912980383405,0,0.08226848791353454,0,0.0020225632,0
MS,F,16,U,GT3,T,3,2,health,other,home,father,3,2,3,no,no,no,no,yes,yes,yes,yes,3,5,2,3,3,3,6,1,0.9762714289631748,1,0.8,1,0.5566589660839572,1,0.901305526448406,1,0.98908967,1
MS,F,16,U,LE3,T,3,4,services,other,course,father,1,3,0,no,no,yes,no,yes,yes,yes,no,5,2,1,3,5,1,4,0,0.029241080828146564,0,0.0,0,0.14332411982733304,0,0.006682452415773187,0,0.00026703282,0
MS,M,15,U,GT3,T,3,4,services,other,reputation,mother,1,4,3,no,yes,yes,no,yes,yes,yes,yes,2,3,1,5,5,2,6,1,0.9316580415079572,1,0.6,1,0.5613739953917102,1,0.9840266493302807,1,0.99568605,1
GP,M,18,U,GT3,T,2,1,at_home,services,course,mother,4,2,0,no,no,no,no,yes,yes,yes,no,3,3,3,1,5,3,4,0,0.10921158971878732,0,0.4,0,0.24940397843565215,0,0.02831921380567499,0,0.007514207,0
GP,F,18,R,LE3,T,3,2,teacher,health,course,father,2,4,0,no,no,yes,yes,yes,yes,yes,no,1,4,2,2,5,4,4,0,0.01752207905189913,0,0.0,0,0.12046070912843435,0,0.0025600712744461036,0,1.8382329e-05,0
GP,F,15,U,LE3,T,1,0,services,teacher,home,father,2,1,1,no,no,no,no,yes,yes,yes,no,4,1,4,3,4,2,4,1,0.8989946369363503,1,0.2,0,0.4848412087183708,0,0.6499842800637501,1,0.49160096,0
GP,M,18,U,GT3,T,2,3,teacher,services,reputation,mother,2,1,0,no,no,no,no,yes,yes,yes,no,1,5,3,3,5,2,3,0,0.34060531676458233,0,0.2,0,0.30871008256376437,0,0.04218016510911374,0,0.021196343,0
GP,M,17,U,GT3,T,4,1,other,services,reputation,mother,1,3,0,no,yes,no,yes,yes,yes,yes,no,2,4,4,3,1,3,5,0,0.16565801009197909,0,0.2,0,0.18239372934816556,0,0.013800327765161803,0,0.00042894974,0
MS,F,17,R,LE3,T,3,3,teacher,other,reputation,father,4,3,1,yes,no,no,yes,yes,yes,no,no,4,3,1,5,1,1,5,0,0.3009784056572594,0,0.2,0,0.2317496322905359,0,0.03787216632215649,0,0.001246191,0
GP,M,17,U,GT3,T,2,0,other,services,course,mother,4,3,0,no,yes,no,yes,yes,yes,yes,no,3,3,5,5,4,3,2,1,0.4754504898979358,0,0.0,0,0.2844632157151406,0,0.1598538061163702,0,0.041617047,0
GP,F,18,U,GT3,T,2,1,at_home,at_home,reputation,mother,1,1,0,no,yes,yes,yes,no,yes,yes,no,5,5,3,1,2,4,7,0,0.1400470837938224,0,0.2,0,0.18497638782531442,0,0.003751844123695231,0,0.0003842908,0
GP,F,15,R,GT3,T,1,1,other,other,home,other,3,4,0,no,no,yes,yes,yes,yes,yes,yes,3,3,1,3,5,2,3,0,0.08867651517343712,0,0.0,0,0.20282859584940083,0,0.023795587684644934,0,0.013629801,0
GP,M,15,U,GT3,T,0,4,at_home,other,reputation,other,3,4,0,no,yes,yes,yes,yes,yes,no,yes,2,4,2,1,4,4,1,0,0.03859840781070792,0,0.0,0,0.16348537821670273,0,0.007010818171680543,0,0.00013601752,0
MS,M,15,U,GT3,T,4,0,at_home,services,course,father,3,4,0,no,yes,no,no,yes,yes,yes,yes,3,1,2,4,1,1,4,0,0.12945982421564614,0,0.0,0,0.25121809809026213,0,0.07851003059766935,0,0.059081443,0
GP,M,18,U,GT3,T,3,0,teacher,services,home,mother,4,2,0,no,yes,no,yes,yes,no,yes,yes,5,5,2,5,3,3,6,1,0.2683533545855875,0,0.0,0,0.23012432887717638,0,0.027857414307118012,0,0.0006800891,0
GP,F,18,R,LE3,T,4,1,teacher,health,other,mother,1,4,0,no,yes,no,yes,no,yes,yes,no,1,2,3,5,5,5,4,0,0.081166090425623,0,0.0,0,0.191828896097143,0,0.047359941483793445,0,0.0005020773,0
GP,M,16,R,GT3,T,2,0,at_home,other,home,mother,4,2,1,no,yes,no,yes,no,yes,yes,no,3,4,5,1,4,2,5,0,0.6446952462512398,1,0.0,0,0.41060768777881285,0,0.3168879954998069,0,0.63572425,1
GP,M,22,U,LE3,T,1,0,teacher,services,home,mother,2,1,0,no,no,yes,yes,yes,yes,no,yes,1,5,1,5,4,3,5,0,0.672105958300559,1,0.0,0,0.3529802832159243,0,0.2982741934516312,0,0.068526596,0
GP,F,21,U,GT3,A,0,2,other,at_home,other,father,3,4,0,no,yes,no,no,yes,yes,yes,yes,1,5,2,3,3,5,3,0,0.32073786825344336,0,0.0,0,0.236155689610966,0,0.011710631757153535,0,0.00042584602,0
GP,M,20,U,GT3,T,4,4,other,other,home,mother,3,1,0,no,no,no,no,yes,yes,yes,no,2,3,4,5,5,2,2,0,0.422951416012786,0,0.2,0,0.3933024193965872,0,0.2524098436888747,0,0.20328166,0
GP,M,16,U,GT3,T,3,3,other,other,home,mother,1,2,0,no,yes,yes,no,yes,yes,no,yes,5,3,4,3,4,4,4,0,0.28093818135405313,0,0.0,0,0.24488605622700585,0,0.04622284220359788,0,0.0050748894,0
GP,M,15,R,GT3,T,1,1,other,other,home,mother,4,4,0,no,no,no,yes,yes,yes,yes,no,3,4,1,1,4,5,4,0,0.022016142149009894,0,0.0,0,0.11072510816578376,0,0.002955293711959273,0,4.5484972e-05,0
MS,M,19,U,GT3,T,4,0,teacher,other,other,father,2,2,2,yes,yes,yes,no,no,yes,yes,no,3,2,1,2,3,3,6,0,0.8749652695352851,1,0.4,0,0.49871015692281156,0,0.8497431063075832,1,0.94666725,1
MS,M,17,U,GT3,T,2,3,health,health,reputation,mother,4,4,0,no,yes,no,yes,yes,yes,yes,no,1,5,3,3,5,1,3,0,0.09786898956098915,0,0.0,0,0.17787293894848258,0,0.00527850026236712,0,0.00028042987,0
GP,F,22,U,LE3,T,0,2,other,services,course,father,3,2,0,no,yes,no,yes,yes,yes,yes,yes,2,3,1,5,3,4,10,0,0.443479595673031,0,0.0,0,0.3925001407472009,0,0.48585427731484643,0,0.8890186,1
MS,F,20,R,GT3,T,0,0,services,services,course,father,2,3,0,no,yes,yes,yes,yes,yes,no,no,3,2,3,1,1,2,6,0,0.3574366994450906,0,0.0,0,0.19473691283945407,0,0.04282983266177362,0,0.012832946,0
GP,F,21,U,LE3,T,0,3,health,services,home,mother,4,2,0,no,yes,yes,no,yes,yes,yes,no,3,4,1,2,3,2,6,0,0.12839742122130307,0,0.0,0,0.20043563139129073,0,0.023389623347757862,0,0.00084276835,0
GP,M,20,U,GT3,T,2,4,other,teacher,home,mother,4,1,0,no,yes,yes,no,yes,yes,yes,no,3,5,2,3,4,5,3,0,0.23425375742083704,0,0.2,0,0.26724568276666916,0,0.04432060775158543,0,0.0023727731,0
GP,M,15,U,GT3,T,0,4,other,other,reputation,mother,1,2,1,no,no,yes,no,yes,yes,yes,yes,1,3,3,1,1,1,5,0,0.7182736750833162,1,0.0,0,0.3851932773437154,0,0.1571666004104346,0,0.03463587,0
MS,F,21,R,GT3,T,0,4,other,services,course,mother,3,4,0,no,yes,no,yes,yes,yes,yes,yes,1,5,3,5,1,1,5,0,0.3369506372859979,0,0.0,0,0.289240590656571,0,0.1398772476849648,0,0.03024379,0
GP,M,19,U,GT3,T,0,0,other,teacher,home,father,4,1,0,no,yes,yes,no,yes,yes,yes,yes,3,3,1,2,3,5,4,0,0.5867061451099419,1,0.0,0,0.36015968761005474,0,0.35487349455721434,0,0.34962544,0
GP,M,19,U,GT3,A,2,0,other,other,home,father,2,2,3,no,yes,yes,yes,yes,yes,yes,yes,5,3,5,2,2,4,6,0,0.9948601036055776,1,0.8,1,0.6383128292231781,1,0.9814428035403452,1,0.9827545,1
MS,M,15,U,LE3,T,4,3,services,other,home,mother,4,3,0,no,no,yes,yes,yes,yes,yes,no,4,3,4,5,4,5,3,0,0.10325691555911201,0,0.2,0,0.20230944982156718,0,0.0532892284151484,0,0.02186627,0
GP,M,18,U,GT3,T,0,4,teacher,health,reputation,mother,2,3,0,no,no,no,yes,yes,yes,yes,yes,3,5,5,1,2,5,7,0,0.0931464572583402,0,0.0,0,0.22095277640526467,0,0.09129720404995983,0,0.024642011,0
GP,M,17,U,LE3,T,1,4,other,other,course,mother,4,4,0,yes,yes,yes,yes,yes,yes,yes,no,1,1,1,5,2,4,4,0,0.09551079323500264,0,0.0,0,0.19382190092904492,0,0.019016004531431277,0,0.0031269437,0
GP,F,22,U,GT3,A,2,1,other,other,home,mother,1,3,0,no,yes,yes,no,yes,yes,no,yes,4,5,5,2,2,1,7,0,0.5469912256661646,1,0.0,0,0.3314149597292805,0,0.1565268416314808,0,0.0024627447,0
GP,M,16,U,GT3,T,0,1,services,services,home,father,2,2,0,yes,yes,yes,yes,yes,yes,yes,no,2,1,5,4,3,4,6,0,0.8550770026009581,1,0.2,0,0.5347823837270327,1,0.5233177372860676,1,0.62876946,1
GP,M,17,U,GT3,T,2,1,teacher,other,other,father,3,2,0,yes,yes,no,no,yes,yes,yes,no,3,3,5,2,1,1,4,0,0.6022724289414323,1,0.2,0,0.3629508247045987,0,0.16688044599533772,0,0.057607323,0
GP,F,15,U,LE3,T,0,3,services,services,home,father,3,1,0,no,yes,yes,no,yes,yes,yes,no,5,2,5,3,3,5,8,0,0.5541243712724638,1,0.0,0,0.29996119771782437,0,0.11361026185782151,0,0.019254383,0
GP,M,21,U,GT3,T,2,0,services,other,course,mother,2,2,0,no,no,no,yes,yes,yes,yes,yes,2,4,1,3,4,4,5,0,0.2707643882629721,0,0.0,0,0.23183451798073926,0,0.021913751815041148,0,0.00103238,0
GP,F,17,R,GT3,A,3,4,services,services,home,mother,3,1,0,no,yes,no,yes,yes,yes,yes,no,5,5,5,2,1,5,6,0,0.2896428738385999,0,0.4,0,0.33868151954011244,0,0.04673582187220059,0,0.1207553,0
GP,F,21,U,LE3,T,4,1,at_home,teacher,course,mother,2,4,0,no,yes,no,no,yes,yes,yes,no,4,1,5,1,4,5,3,0,0.02222212695645849,0,0.0,0,0.1819381732860624,0,0.01077657186758441,0,0.0006901711,0
GP,M,15,U,LE3,T,1,1,other,other,course,mother,4,2,1,no,yes,no,yes,yes,yes,yes,no,4,4,3,5,2,1,2,0,0.7879615680984299,1,0.2,0,0.41368247476422854,0,0.4291636429609207,0,0.108297095,0
GP,M,18,U,GT3,T,1,4,teacher,other,reputation,other,4,4,0,no,no,no,yes,yes,yes,yes,no,3,5,5,3,3,4,2,0,0.053667424516512234,0,0.0,0,0.244851077661503,0,0.022640003078398734,0,0.006973906,0
GP,M,19,U,GT3,T,2,4,teacher,teacher,course,mother,3,4,0,no,yes,no,no,yes,yes,no,no,2,4,1,2,5,3,5,0,0.018367904030289043,0,0.0,0,0.0924269515410984,0,0.001479020382651842,0,1.12103e-05,0
GP,M,19,U,GT3,T,3,4,services,other,course,father,3,4,0,no,no,no,no,yes,yes,yes,no,2,5,3,1,1,4,5,0,0.01735446142132216,0,0.0,0,0.13106907319588149,0,0.0009962750841009064,0,9.29784e-06,0
GP,M,19,U,GT3,T,2,2,other,services,home,father,3,4,0,no,no,yes,no,no,yes,yes,no,2,3,4,4,3,1,1,0,0.14199580616066645,0,0.2,0,0.2249833319024627,0,0.015357360937923328,0,0.00042570333,0
GP,M,18,U,GT3,T,4,2,other,teacher,course,mother,4,2,0,no,yes,yes,yes,yes,yes,yes,no,3,4,5,4,3,4,4,0,0.35369876124062416,0,0.4,0,0.34504325849896383,0,0.22203378020538742,0,0.08466208,0
GP,F,16,R,GT3,T,3,2,other,other,course,mother,3,4,0,no,no,no,yes,yes,yes,no,yes,4,1,3,1,2,2,3,0,0.026051851319616626,0,0.0,0,0.10402693189883357,0,0.003817411128625589,0,4.4300286e-05,0
MS,F,19,R,GT3,T,1,0,at_home,other,other,other,3,2,0,no,yes,no,no,yes,yes,yes,yes,5,5,1,5,5,5,7,0,0.5990747920377802,1,0.2,0,0.3393335661096213,0,0.1793066020348741,0,0.010697249,0
GP,F,19,U,GT3,T,0,3,at_home,other,other,mother,3,1,0,no,no,no,yes,no,yes,yes,yes,5,2,2,4,2,4,4,0,0.33689423065932556,0,0.0,0,0.27615692722240015,0,0.05953617084109725,0,0.002227725,0
MS,M,17,U,LE3,T,4,0,other,other,reputation,other,4,1,0,yes,no,no,yes,no,yes,yes,no,4,1,1,2,3,2,6,0,0.17395132125521154,0,0.0,0,0.21188907847622435,0,0.027405329544400833,0,0.00030425919,0
GP,F,19,U,LE3,T,3,0,services,services,reputation,mother,3,4,0,no,yes,yes,no,yes,yes,yes,no,1,1,3,5,2,5,3,0,0.1681888085590731,0,0.0,0,0.19336103492580928,0,0.05958197796887267,0,0.0033832157,0
GP,M,17,U,GT3,T,4,1,other,other,course,mother,1,3,0,no,yes,no,yes,yes,yes,yes,yes,4,4,3,4,2,5,3,0,0.1420593630261595,0,0.0,0,0.20256553224586496,0,0.052479983965349565,0,0.011959944,0
GP,M,22,R,LE3,T,4,1,services,services,reputation,mother,2,1,2,no,yes,yes,no,yes,yes,yes,no,5,3,1,2,1,1,1,0,0.7006926742289427,1,0.2,0,0.38764993542755716,0,0.05010859185688809,0,0.025347304,0
MS,M,18,R,GT3,T,0,4,services,services,home,mother,1,4,1,no,yes,no,no,yes,yes,yes,no,5,1,1,3,1,5,2,0,0.15870120122958187,0,0.0,0,0.24209152362571035,0,0.018134909438538592,0,0.0024815449,0
GP,F,17,U,GT3,T,2,4,other,services,home,mother,4,3,1,no,no,no,no,yes,yes,yes,no,4,2,5,3,2,2,2,0,0.33125803741854715,0,0.0,0,0.2656071839213737,0,0.06806751517345855,0,0.0016450313,0
GP,F,21,U,GT3,T,3,4,at_home,at_home,reputation,mother,4,4,0,no,yes,no,no,yes,yes,yes,no,5,1,3,1,2,2,3,0,0.005347796056232222,0,0.0,0,0.07961845240635351,0,0.000248427026728171,0,3.4277935e-05,0
GP,F,22,R,GT3,T,4,3,at_home,other,reputation,mother,4,3,0,no,yes,no,yes,yes,yes,yes,no,4,1,3,1,5,4,2,0,0.011593169415893544,0,0.2,0,0.11244895761278942,0,0.0027145594876051343,0,0.00025618298,0
GP,M,17,R,LE3,T,1,2,services,services,reputation,father,2,2,0,no,yes,no,no,yes,yes,yes,yes,1,5,5,4,3,4,1,0,0.7088032899462031,1,0.4,0,0.4388889266719559,0,0.30145809860426653,0,0.32707828,0
GP,F,16,U,GT3,T,0,0,services,services,course,father,4,3,0,no,no,no,yes,no,yes,yes,yes,3,4,2,3,4,1,6,0,0.23403116779527053,0,0.0,0,0.19894488308988315,0,0.011709344838487987,0,0.0018148153,0
GP,F,20,U,LE3,T,3,3,teacher,other,course,father,1,3,2,no,yes,no,yes,yes,yes,yes,no,3,5,3,4,1,1,1,0,0.6249694263681702,1,0.4,0,0.43276320315607925,0,0.05145978001799699,0,0.515683,1
GP,M,17,U,GT3,T,2,2,other,other,home,mother,3,2,0,no,yes,no,no,no,no,yes,yes,3,4,3,1,1,3,1,0,0.16427610816652088,0,0.0,0,0.1590102443084642,0,0.009241935055343372,0,4.897253e-05,0
GP,F,22,U,GT3,T,0,0,at_home,services,home,mother,1,3,3,no,yes,yes,no,yes,yes,no,yes,5,4,3,2,2,5,6,1,0.9709926148768889,1,0.8,1,0.5391016959770888,1,0.865754069165145,1,0.99151796,1
GP,F,20,U,GT3,T,3,4,at_home,services,home,father,3,1,0,no,yes,yes,yes,yes,yes,no,no,4,1,4,1,3,2,2,0,0.11587522281717008,0,0.0,0,0.22544394143121932,0,0.05781274365557683,0,0.008402713,0
GP,F,17,U,GT3,T,3,1,teacher,services,reputation,mother,2,4,0,no,no,yes,yes,yes,yes,yes,no,3,1,2,3,1,5,5,0,0.023667850907601724,0,0.0,0,0.1065318635610632,0,0.0027568675710752393,0,8.688323e-05,0
GP,F,17,U,LE3,T,3,2,other,other,home,other,2,3,1,no,yes,no,yes,no,yes,yes,yes,4,3,1,5,4,4,6,0,0.28023053958990984,0,0.0,0,0.348497470916348,0,0.13223491676483048,0,0.019066032,0
MS,F,17,U,GT3,T,4,1,services,other,other,mother,2,4,0,no,yes,yes,no,yes,yes,yes,no,5,2,4,1,2,1,4,0,0.06301306983016744,0,0.0,0,0.2331938666523977,0,0.018078652094322235,0,0.0020659321,0
GP,F,17,U,GT3,T,3,0,at_home,services,course,other,1,3,0,no,yes,no,yes,yes,yes,yes,no,1,1,1,1,5,4,5,0,0.05292846016886006,0,0.0,0,0.11530162902680882,0,0.00830908414710665,0,7.665771e-05,0
GP,M,22,U,GT3,T,3,2,other,other,home,mother,1,3,0,no,no,yes,no,yes,yes,yes,no,1,1,4,3,1,3,5,1,0.25016620845945364,0,0.0,0,0.15510220294516855,0,0.0042770772061733395,0,1.165575e-05,0
GP,F,20,R,GT3,T,2,1,at_home,other,reputation,mother,4,4,0,no,no,no,no,yes,yes,yes,yes,5,1,2,2,5,1,2,0,0.025096101098148898,0,0.0,0,0.19570253724497874,0,0.00443074745263825,0,0.00038633845,0
GP,M,17,U,GT3,T,0,0,teacher,teacher,other,mother,1,3,0,no,no,yes,no,no,yes,no,no,1,3,4,1,4,1,3,1,0.45603944959119996,0,0.0,0,0.30017432976894876,0,0.06673278104977104,0,0.02852572,0
GP,F,15,U,GT3,T,3,3,services,other,other,father,4,4,0,no,no,no,no,yes,no,yes,no,5,3,5,5,1,2,4,0,0.14999779829245852,0,0.0,0,0.18046743416090866,0,0.05299300654036884,0,0.0059991726,0
GP,F,19,U,LE3,T,2,0,other,other,reputation,father,1,3,1,no,no,yes,no,yes,yes,yes,no,5,5,3,2,1,4,4,0,0.3213635265448343,0,0.0,0,0.27308076801849707,0,0.02816740211712246,0,0.009553491,0
MS,M,18,R,GT3,T,4,3,other,other,reputation,other,4,3,0,yes,yes,yes,no,yes,yes,yes,no,4,2,2,5,4,2,4,0,0.20430969795132353,0,0.0,0,0.23826670351311374,0,0.0913534901028918,0,0.060806453,0
GP,M,17,U,LE3,T,4,0,at_home,at_home,course,other,1,2,0,no,yes,yes,no,no,yes,yes,yes,5,4,4,5,4,5,4,0,0.33894019659085367,0,0.0,0,0.24743102054819346,0,0.06238991579690807,0,0.016815783,0
MS,M,15,R,GT3,T,3,2,health,other,reputation,father,4,2,0,no,no,no,yes,yes,no,no,no,3,1,5,3,4,1,4,0,0.5170437117633498,1,0.0,0,0.3327633781444545,0,0.31981974785535366,0,0.080553316,0
MS,M,20,U,GT3,T,3,0,other,services,course,mother,1,2,0,no,yes,no,no,yes,yes,yes,yes,4,2,5,2,2,5,7,1,0.5234520483482037,1,0.4,0,0.3633185005303553,0,0.2702552520171688,0,0.065386556,0
GP,F,17,U,LE3,T,4,2,other,services,reputation,father,3,2,0,no,yes,yes,yes,yes,yes,yes,no,1,4,5,1,4,1,5,0,0.1750635229240442,0,0.2,0,0.25935207051532577,0,0.043317396442172654,0,0.0020936034,0
GP,F,21,U,GT3,T,2,0,at_home,health,home,father,1,4,0,yes,yes,yes,no,yes,yes,yes,no,3,2,5,4,5,1,4,0,0.3928867026992428,0,0.0,0,0.3188562801609528,0,0.2902609831478781,0,0.11841055,0
GP,F,19,U,GT3,T,0,1,at_home,health,reputation,mother,4,3,0,no,yes,no,no,yes,yes,yes,no,2,5,4,3,5,4,6,0,0.2903533400244108,0,0.2,0,0.2117730751310535,0,0.008363657112619749,0,0.00011842222,0
MS,M,17,U,GT3,T,3,4,at_home,services,other,mother,1,3,1,no,no,no,no,yes,yes,yes,no,1,4,1,4,2,2,6,1,0.3903048569533837,0,0.6,1,0.33019774232762056,0,0.13015242851119302,0,0.068773195,0
MS,F,22,R,LE3,T,1,4,at_home,other,course,mother,3,2,0,no,yes,no,yes,yes,yes,yes,yes,1,4,2,1,3,4,1,0,0.10002408397121529,0,0.2,0,0.1781452358073749,0,0.0065637446857078445,0,0.00030626994,0
GP,F,22,U,GT3,T,4,3,at_home,teacher,home,father,4,1,0,no,yes,no,yes,yes,yes,yes,no,2,2,3,5,3,5,10,0,0.36967843745025697,0,0.0,0,0.27319477131055786,0,0.10328626598312636,0,0.012169936,0
